user_input,reference_contexts,reference
대파를 어떻게 썰어야 하나요?,['video_url: https://www.youtube.com/watch?v=BQ1X3GHJhM8&list=PLYg0DUb5zjsCoXRsIYmUND7-p_wFv5OPn\ntitle: 바쁜아침 최고요리! 10분 완성✔️ 김과 계란만 준비하세요!(김국)🥇\ncaption: 좀 쌀쌀해져서 간단하면서도 맛도 좋고 속이 편하게 들실 수 있는 김국 제가 소개해 드릴게요 김국은 김이 제일 중요해요 뭐 좋은 김에서 중요한게 아니라 조미 김이 안 된다는 거예요 왜 기름이라 그가 소금 발라져 있는 그런 거 안 되고 맨김 사용하셔야 돼요 뭐 재래식 김도 괜찮고 곱창 김도 괜찮고 김밥김 남은 거 이런 거 다 사용하셔도 됩니다 김밥김 이렇게 한번 구워 나오긴 해요 그래도 요것도 한번 구우 셔야지 더 바싹하고 부수기가 좋습니다 이게 이거는  그래서 김밥 김이서 이렇게 구워 나온 거거든요 그래도 한번 이렇게 더 구우면 이렇게 바싹 구워집니다  김을이 굳는 거는 제가 뭐 가스불에 굳는 거하고 인덕션에 굳는 거를 이렇게 두 가지 보여 드릴게요 이렇게  이렇게 해서  김을 바싹 부었습니다 그러면 요거를 잘게 부어야 되는데 그냥 이렇게 놓으면  막 날리고 지저분 하잖아 그니까 비누 봉투 사용하시는게 아주 좋습니다이 금복을 아시면 남은 김 처치하기가 너무 좋아요 왜 김밥 싸다 가도 꼭 매장 남고 구워 먹는 님도 꼭 남고 그렇잖아요음요 정도면 돼요 제대로 기면 이렇게 잘게 부어 놔야지 국에 들어갔을 때 풍미가 팍 퍼져요 더 잘게 자르셔도 되는 그 더 잘게 자르기가 쉽지 않더라고요  결을 이렇게 준비한다면 저는 두알을 이렇게 풀어 줄 텐데 나는 김이 많은고 계란이 좀 싫어 그러면은 계란 하나만 넣으셔도 됩니다 됐 냄비에다 물을 700mm 넣어 주세요 오늘 저는 정말 간단한 방법으로 끓일 겁니다 참치 한 큰술 넣어 주세요 이판용 간장입니다 반큰술 넣어 주세요 간늘 반큰술 넣어 주세요 들어갈 건 다 들어간 거야 너무 간단하죠 불을 강불로 키워 주세요  국물이 팔팔 끓기 시작합니다 그러면은 불을 중불로 줄여 주세요 그런 다음에 2분 간만 끓여 주시면 됩니다 왜 2분간 끓이냐요 2분 동안 끓이면 늘의 풍미가 싹 빠지면서 국물이 정말 맛있어져요  2분이 지났어요 그러면 여기 채로 늘을 이렇게 싹 건져내세요 그러 정말 국물이 깨끗해요 얘는 할 일을 다 한 거예요 현  그리고 불을 또 강불로 하세요 결 아를 한번 이렇게 싹 더 한번 이렇게 저어서 결 안에  줄라를 칠 겁니다 한 번에 떨어뜨리는게 아니라 조금씩 조금씩 떨어뜨리게세요 결한 꽃이 피었죠 요거는 이렇게 저면 안 돼요 저으면 국물도 탁해지면서 결랑도 이렇게 뻣뻣해 져요 그요 상태 아까 저희가 김 부어 놓은 거 여기다 넣어 주시면 됩니다 근데 이게 지금 뜨거워서 김 부기가 좀 나쁠 거예요 불을 조금만 줄여 놓으세요 그리고 한 중간 불로 해서 한 1분 정도만 끓여 주세요 그러면 김의 풍미가 확 퍼집니다 저는 이게 젖는게 아니라 살짝살짝 눌러 주는 거예요 김이 국물에 잘 베이도록  끓일 때 김양이 확 올라와서 한크 타고 너무 좋아요 지금  한 1번 정도 끓였으면 되도록 이렇게 보이시나요 대파을 대들어 가면 아주 얇게 썰어 주세요 어떻게 썰면 저희가 설렁탕 집이나 뭐 이런데 가면 대파 얇게 썰아줌 이근 해져요 살짝만 익혀서 먹을 거기 때문에 정말게 썰어 주셔야 됩니다 대파를 살짝 넣어 주시고요 참 기름입니다 이거는 티스푼으로 하나 정도만 살짝 넣어 갖고 한번이 뿌르르 이렇게 강불 해서 한번 뿌르르 끌었죠 그러면 바로 꺼 주세요 요렇게 시간을 맞춰 줘야지 김 향도 좋고 계란도 부 들하고 뭔가 이게 음식이 이게 조화롭게 아주 맛있게 됩니다  렇게 지금 이렇게 국물을 떼 보시면 지금 식성에 따라 나는 싱 거르면 소금을 조금 더 넣으시면 돼요이 국물 뒤져보시면 지금 느낄 거예요 김 풍미가 생각보다 너무 깊어요 그래서 아주 정성들여 갖고 육수 해서 오래 끓인 그런 국 같은 맛이나요 정말 맛있습니다 지금 끓인 거 보셨지만 정말 들어간 거 없고 정말 빨리 끓였아요 빠르면서 편하게 만들어서 누구나 잘 되줄 수 있는 기니까 맛있게 드시고  시청해 주셔서  건강하시고 다음 영상에 또   만나요고 있어요 장실에 p'],대파를 아주 얇게 썰어 주세요. 설렁탕 집이나 이런 데서 대파를 얇게 썰어 주는 것처럼 살짝만 익혀서 먹을 거기 때문에 정말 얇게 썰어 주셔야 합니다.
계란을 사용하여 김국을 만드는 과정에서 어떤 단계가 포함됩니까?,['video_url: https://www.youtube.com/watch?v=BQ1X3GHJhM8\ntitle: 바쁜아침 최고요리! 10분 완성✔️ 김과 계란만 준비하세요!(김국)🥇\ncaption: 좀 쌀쌀해져서 간단하면서도 맛도 좋고 속이 편하게 들실 수 있는 김국 제가 소개해 드릴게요 김국은 김이 제일 중요해요 뭐 좋은 김에서 중요한게 아니라 조미 김이 안 된다는 거예요 왜 기름이라 그가 소금 발라져 있는 그런 거 안 되고 맨김 사용하셔야 돼요 뭐 재래식 김도 괜찮고 곱창 김도 괜찮고 김밥김 남은 거 이런 거 다 사용하셔도 됩니다 김밥김 이렇게 한번 구워 나오긴 해요 그래도 요것도 한번 구우 셔야지 더 바싹하고 부수기가 좋습니다 이게 이거는  그래서 김밥 김이서 이렇게 구워 나온 거거든요 그래도 한번 이렇게 더 구우면 이렇게 바싹 구워집니다  김을이 굳는 거는 제가 뭐 가스불에 굳는 거하고 인덕션에 굳는 거를 이렇게 두 가지 보여 드릴게요 이렇게  이렇게 해서  김을 바싹 부었습니다 그러면 요거를 잘게 부어야 되는데 그냥 이렇게 놓으면  막 날리고 지저분 하잖아 그니까 비누 봉투 사용하시는게 아주 좋습니다이 금복을 아시면 남은 김 처치하기가 너무 좋아요 왜 김밥 싸다 가도 꼭 매장 남고 구워 먹는 님도 꼭 남고 그렇잖아요음요 정도면 돼요 제대로 기면 이렇게 잘게 부어 놔야지 국에 들어갔을 때 풍미가 팍 퍼져요 더 잘게 자르셔도 되는 그 더 잘게 자르기가 쉽지 않더라고요  결을 이렇게 준비한다면 저는 두알을 이렇게 풀어 줄 텐데 나는 김이 많은고 계란이 좀 싫어 그러면은 계란 하나만 넣으셔도 됩니다 됐 냄비에다 물을 700mm 넣어 주세요 오늘 저는 정말 간단한 방법으로 끓일 겁니다 참치 한 큰술 넣어 주세요 이판용 간장입니다 반큰술 넣어 주세요 간늘 반큰술 넣어 주세요 들어갈 건 다 들어간 거야 너무 간단하죠 불을 강불로 키워 주세요  국물이 팔팔 끓기 시작합니다 그러면은 불을 중불로 줄여 주세요 그런 다음에 2분 간만 끓여 주시면 됩니다 왜 2분간 끓이냐요 2분 동안 끓이면 늘의 풍미가 싹 빠지면서 국물이 정말 맛있어져요  2분이 지났어요 그러면 여기 채로 늘을 이렇게 싹 건져내세요 그러 정말 국물이 깨끗해요 얘는 할 일을 다 한 거예요 현  그리고 불을 또 강불로 하세요 결 아를 한번 이렇게 싹 더 한번 이렇게 저어서 결 안에  줄라를 칠 겁니다 한 번에 떨어뜨리는게 아니라 조금씩 조금씩 떨어뜨리게세요 결한 꽃이 피었죠 요거는 이렇게 저면 안 돼요 저으면 국물도 탁해지면서 결랑도 이렇게 뻣뻣해 져요 그요 상태 아까 저희가 김 부어 놓은 거 여기다 넣어 주시면 됩니다 근데 이게 지금 뜨거워서 김 부기가 좀 나쁠 거예요 불을 조금만 줄여 놓으세요 그리고 한 중간 불로 해서 한 1분 정도만 끓여 주세요 그러면 김의 풍미가 확 퍼집니다 저는 이게 젖는게 아니라 살짝살짝 눌러 주는 거예요 김이 국물에 잘 베이도록  끓일 때 김양이 확 올라와서 한크 타고 너무 좋아요 지금  한 1번 정도 끓였으면 되도록 이렇게 보이시나요 대파을 대들어 가면 아주 얇게 썰어 주세요 어떻게 썰면 저희가 설렁탕 집이나 뭐 이런데 가면 대파 얇게 썰아줌 이근 해져요 살짝만 익혀서 먹을 거기 때문에 정말게 썰어 주셔야 됩니다 대파를 살짝 넣어 주시고요 참 기름입니다 이거는 티스푼으로 하나 정도만 살짝 넣어 갖고 한번이 뿌르르 이렇게 강불 해서 한번 뿌르르 끌었죠 그러면 바로 꺼 주세요 요렇게 시간을 맞춰 줘야지 김 향도 좋고 계란도 부 들하고 뭔가 이게 음식이 이게 조화롭게 아주 맛있게 됩니다  렇게 지금 이렇게 국물을 떼 보시면 지금 식성에 따라 나는 싱 거르면 소금을 조금 더 넣으시면 돼요이 국물 뒤져보시면 지금 느낄 거예요 김 풍미가 생각보다 너무 깊어요 그래서 아주 정성들여 갖고 육수 해서 오래 끓인 그런 국 같은 맛이나요 정말 맛있습니다 지금 끓인 거 보셨지만 정말 들어간 거 없고 정말 빨리 끓였아요 빠르면서 편하게 만들어서 누구나 잘 되줄 수 있는 기니까 맛있게 드시고  시청해 주셔서  건강하시고 다음 영상에 또   만나요고 있어요 장실에 p'],"김국을 만들기 위해 계란을 두 알 풀어주고, 냄비에 물 700mm를 넣은 후 강불로 끓입니다. 국물이 팔팔 끓기 시작하면 불을 중불로 줄이고 2분간 끓입니다. 이후 국물에서 김을 건져내고, 다시 강불로 하여 계란을 조금씩 떨어뜨리며 저어줍니다. 이때 저으면 국물이 탁해지므로 조심해야 합니다. 마지막으로 김을 넣고 중간 불로 1분 정도 끓여 김의 풍미가 국물에 잘 배도록 합니다."
간장으로 메추리알 장조림 만드는 과정은 어떻게 되나요?,['video_url: https://www.youtube.com/watch?v=Hc5qkqHbD-4\ntitle: 끓이는 시간만 알면 무조건 성공! 쫄깃하고 간이 쏘옥~ 대박집 메추리알 장조림✔️\ncaption: 리 리스입니다  쫄깃하고 간이 쏙 빼는 메추알 장여름 만들어 볼게요 요게 쉬운 거 같은데  간이 쏙 배기 하거나 뭐 이런게 조금 쉽지 않아요 그래서 오늘 제가 그거를 자세하게 알려 드릴게요 저 매추 양지는 500g 제가 할 건데 이 이거를 엄 깨끗한데 그냥 하면 되지 막 이러더라고요 그래서 어머 안 돼 깨끗이 시쳐 제가 그랬거든요 이거 깨끗해도 그냥 하시면 절대 안 돼요 이거 한 두 번 정도 깨끗하게 헹 푸셔서 하셔야 됩니다 보면은 물이 누리끼리  해요 저는 한 세 번 정도 헹 었어요 그래야지 거품이 없이 깨끗하게 거 지네요 외출할 장조림을 조금 더 맛있게 하려면이 육수가 들어 훨씬 더 맛있 그래서 물 800mm 여기다가 다시팩 하나 넣어 주시고 물이 끓기 시작해서 6분 간만 다시 팩을 이렇게 끓여 주시면 됩니다 다시 팩을 이용해서 끓이면 육수가 렇게 노리끼리 하게 맛있게 돼요 그요 과정에 난 귀찮다 그러면 맹물 사용하셔서 조리하셔도 됩니다 요거를 두 컵 넣을 거예요 400mm 그래요 양간장 진간장 상관없이 사용하시면 됩니다 술이에요 여기는 흑설탕을 넣으면 참 맛있습니다 여기다 매주를 넣어 주세요 요거를 맛있게 줄이는 거는 딴게 아니라 시간이 중요해요 불을 키신 다음에 처음에 강불 해 주세요 아이 지금은 굉장히 센 불이에 이렇게 센불에서  렇게 팔팔 끓고 있죠 그러면 약간만 줄여 주세요 그니까 중 강물이라도 하신 다음에 조리는 시간이 중요한데 최소 10분에서 최대 15분을 조여 주셔야 됩니다 그래서 저는 13분을 잡았는데 이렇게 해서 13분간 조여 주시면 돼요 제가 왜 최소 최대를 했냐면 집집다 불 세기가 좀 달라요 저는 13번을 조이니까 요런 색깔로 해 갖고 국물도요 정도로 자작하게 됐습니다 그럼  불을 아주 약불 해 주세요 그런 다음에 여기다가 물렸을 거예요 그럼 윤기도 나면서 아주 매출 알이 더 쫀득쫀득해요 그니까 은근하게 조여 주시면 됩니다요 상태로 드셔도 참 맛있어요는 아이들이 참 좋아하고요 어른이 드실 거면 여기다가 과리 꼬치 넣으셔도 되고 청양고추 넣으셔도 되고 알늘 이런 거 넣으셔서 같이 조리면 훨씬 더 국물이 더 이렇게 뭐라 그럴까 깔끔하면서 폭미 있고 더 맛있죠 아까 말한 거 이렇게 추향 자라 넣으시면 되고요 저는 누구나 그냥 편안하게 매추리 알만 있으면 드실 수 있도록 저는 오늘 간 편하겠습니다 제 국물이요 정도로 저는 자작하게 남아서  조리를 끝낼 건데 한번 스푼으로이 국물을 저 떠 드셔 보세요 그리고 나는 조금 더 달았으면 좋겠네 그럼 물엿 좀 더 추가하시면 됩니다 렇게 하면 겉은 쫀득하면서 색도 예쁘고 간이 쏙 뺀 매추 알 장조림이 완성되었어요 맛있게 드시고  시청해 주셔서  건강하시고  [박수]  C fe'],"메추리알 장조림을 만들기 위해서는 먼저 메추리알을 깨끗하게 헹궈야 합니다. 물 800ml에 다시팩 하나를 넣고 끓기 시작하면 6분간 끓입니다. 그 후, 간장 400ml를 넣고, 불을 강불로 켠 후 팔팔 끓입니다. 끓기 시작하면 중강불로 줄이고 최소 10분에서 최대 15분간 조리합니다. 조리 후 약불로 줄이고, 윤기가 나면서 쫀득한 메추리알 장조림이 완성됩니다."
"요리 과정에서 파스리 가루는 어떤 단계에서 사용되며, 그 사용의 목적은 무엇인가요?",['video_url: https://www.youtube.com/watch?v=YDz1PfiPfHo\ntitle: 강력추천🥇두부로 만드는 신박한 요리!  대박소스로 명절상에 놓으면 완판!\ncaption: 리아  맛있는 소스와 같이 먹는 두부 부침을 만들어 볼게요이 소스가 있으면은 정말 맛이 특별해져요 이전에 우리가 먹던이 두부부침 완전히 자르고 특별한 요리가 됩니다 또 해놓으면 맛도 있지만 아주 폼이납니다 아 재료는 단단한 두부 부침용 500 을 준비해 주시면 됩니다 두부는 약간 두툼하게 썰어 주세요 다섯 되니까 딱 보기 좋네요 한 1.5cm 정도 됩니다 두부가 좀 수분이 빠지도록 이렇게 채에 다 두부를 이렇게 놓으세요 두부에 살짝만 소금간 해 주시면 됩니다이 소스를 만들어 볼게요 해 줍니다 그 요네즈 지방이 조금 부담스럽다 그러면은 요새 지방 없는 요네즈도 있더라고요 그거 사용하시면 됩니다 백설탕에 올리고 당입니다 일반식초 넣을게요 그리고 고소한 맛을 해서 갈은 게입니다 제도로 깨는 곱게 가르지 아주 더 고소합니다 그 소금을 넣을 텐데 요거 한 세 고집 정도 넣을 거예요 소금이이 다 염도가 달라서 맛이 어떨지 모르겠습니다 저는요 정도로 해갖고 한 세 고집 정도 넣 볼게요 아까 두부 뿌릴 때보다는 좀 크게 잡았습니다 엄 소금이 별로 안 짜요 이거 집에 염도 따라서 이렇게 하셔야 됩니다 오늘거 진짜 짜 건 엄청 짜더라 짜다 싶으면 두 꺼지만 넣어 보시고 하시면 되겠다 그지음 그래서 이렇게 맛을 한번 보세요 이때  다른 건 거의 잘 맞아요 소금만 조절하시면 됩니다 신고 오면 조금 더 넣으시고 짜면 안 되니까 처음부터 많이 넣지 세요이 소스를 이렇게 맛을 보시면 외식 할 때 이거 먹어본 소스예요 근데 참 궁금해 나는 잘 몰라 이거 드시는 순간 반가울 거예요 아 이스피 이럴 거예요 아 나는 기본적으로 좀 시게는 안 해요 저는 요리를 근데 약간 좀 새콤한 맛을 좀 원한다 그러면 식초 조금만 더 넣으세요 그리고 식초도 상표만 다 다르더라고요 맛이 어느 거는 좀 더 쉬우고 어느 거 들 쉬고 막이긴 해요 근데 쉬면 또 못 고치지아요 그래서 저는 안식이 합니다 두부가 단단하게 붙이도록 이렇게 수분을 한 번 더 제거해 줄게요 페이퍼 타워 이렇게 꾹꾹 누르시면 됩니다이 별거 아닌데 또 결한 물이라고 그래서 우묵한 그릇에서도 준비하면 이게 결합물 붙일 때 깨져요 두부가 그러니까 넓적한 그릇에다가 밀가루도 준비해 주시고 계란물 준비해 주시면 좋습니다 아무 밀가루나 밀가루는 아무거나 하셔도 상관 없습니다 박력분 아 박력분은 말고 박력분 해도 되겠다 뭐 조금이 응 저는 겨란이 크지 않아서 결한 세 개에가 소금 한 꺼지 넣어서 이렇게 풀어 준 거예요 겨란이면 컸다면 한 두 개 정도 하셔도 되겠죠 후레이 팬에다 기름을 넉넉히 부어 주세요 밀가루를 이렇게 묻혀 주세요음 겨란 묻혀서 이렇게 구우면 됩니다 엄 그래서 아까 큰 그릇에 해야 되는 거예요  프라이팬이 충분히 예열이 됐습니다 올려 놓을게요 겨란이 퍼지면 렇게 좀 들려 붙으세요 그 밑면을 충분히 바삭하게 우셔야 됩니다 저는 조금 머을 리려고 집에 파스리 가루가 있어서 파스리 가루를 왜 살짝 뿌려 줄 거예요 이렇게데 요거는 뭐 선택하셔도 됩니다 없으시면 안 뿌리셔도 되고요 뭐 쪽파 있으면 쪽파를 살짝 뿌리 도 되고 그래요 두부 밑에가 아주 빠싹 구 냄새가나요 한번 뒤집어 [박수] 볼게요 아까 미면 제가 바싹 구웠기 때문에 위는 살짝만 부셔도 됩니다 런 큰 접시에다 소스를 밑에다 넣으세요 요걸 쏙 이렇게 쫙 펴세요 그 저희가 아까 붙인 두 불로 여기다 이렇게 놓으시면 됩니다네 개 정도만 넣어 볼까  이렇게 해갖고이 소에다 이렇게 찍어 드시면 됩니다 렇게 놓으면은 명상에 나도 손색이 없는 아주 두부요리 쭉 있으면 추석 다 오잖아요 소스가 맛있어 갖고 아이들부터 어른들까지 모두 좋아하는 맛이에요 맛있게 해서 드세요 시청해주셔서  건강하시고 다음 영상에 또  만나요  p'],"요리 과정에서 파스리 가루는 두부를 구운 후, 마지막 단계에서 살짝 뿌려줍니다. 그 사용의 목적은 요리에 색감을 더하고, 향을 추가하여 맛을 더욱 풍부하게 만드는 것입니다."
요리 과정에서 소금은 어떤 역할을 하나요?,"[""video_url: https://www.youtube.com/watch?v=c8CLCfi-lkQ\ntitle: 몸매관리 양배추!'이대로'만 하면  大만족❣️ O분 구워 끝내주는 식감!!\ncaption: ~을 위한 레시피입니다 양배추로 식감이 살아있는! 아삭아삭 맛있는 전을 만들어볼게요 양배추, 당근, 청양고추 들어갑니다 양배추 ¼통이예요. 450~500g 정도 됩니다 채썰어줄건데, 안의 심지를 잘라내주셔야 해요 (너무 크니까 나눠서 썰어요) 채써는데.. 요걸 몇센티라고 해야하나..^^? 0.3~0.5cm 간격으로 썰어주시면 돼요 이렇게 보시면 너무 두꺼운게 있어요. 이런건 빼주세요 건강에는 좋긴한데~이걸 익히려면 오래 익혀야해서\n전의 식감이 없어져요 (양배추 써는 것만으로도 요리의 반은 한거예요 ^^ 화이팅 !!) 당근 70g 을 얇게 채썰어주세요~ 양배추가 달짝지근해서 청양고추 살짝 들어가면 맛있어요! 잘게잘게 썰어주세요 양배추 한 통사면 보통 남잖아요? 남는걸로 전 해드시면 아주 좋죠 ^^ 전 만든다고 사지는 않지요~ 그런데 볶음이나 양배추가 들어가야 하는 요리가 있어요!\n그때 남는걸로 이렇게 해드시면 좋죠~ 청양고추는 식성에 따라 넣으세요 저는 2개 넣었는데, 안넣어도 되고 하나만 넣어도 됩니다 양배추 전이 은근히 달짝지근한 맛이 있어요~ \n그래서 전 청양고추 2개씩 넣어요 계란 3알에 소금 ½작은술(tsp)을 넣어주세요 소금이 잘~ 녹도록 풀어주세요 이렇게 해야 전을 할 때 간이 고루고루 배요 부침가루가 들어가요(3큰술) 양배추를 물에 식초 조금 떨어트려 깨끗이 씻어놨어요 그리고 물을 탈!탈! 털었어요 넓적한 그릇에 양배추를 부으세요 홍당무를 넣고 부침가루 3큰술을 넣어주세요 살살~버무려서 가루가 골고루 묻도록 해주세요\n그래야 가루가 뭉치지 않아요 청양고추도 넣어주세요 계란물을 싹~~ 넣어주세요 요것도 잘 섞어주세요 가루와 계란물을 부칠 정도만 넣어주면 돼요 너무 과하게 넣으면 질척거리고 덜 맛있어요 ) 양배추가 코팅될 정도로만 넣어요? 네~ 코팅될 정도로만 넣어야지 양배추 맛이 살아있죠! 너무 밀가루 많이 들어가면... 요새 다들 살찌는거 싫어하잖아요^^ 이렇게하면 다이어트식이 돼요~ 맛있게 한번 부쳐볼게요! 예열된 팬에 기름을 넉넉히 둘러주세요~ (예열하는 중~) 기름이 충분히 예열이 되면 중간불로 줄이세요 이 반죽은 뒤집개보단 손으로 놓는게 좋아요 쫘~~악 펴주세요~ 아까보다 양배추가 숨이 죽어서 주저앉은 느낌이 들죠? 양배추 삶을 때 나는, 단 냄새가 폴폴~ 풍겨요 양배추 전은 식감있어야 맛있으니까 너무 오래 굽지 세요 1분~ 1분 30초 정도 구운다음에 뒤집어요 제가 밀가루를 많이 안넣었기 때문에 뒤집기가 쉽지 않아요 이렇게 큰 접시를 이용하면 아주 좋아요 (냄비 위에 접시를 덮고) (뒤집어서 전을 접시로 옮겨요) (다시 팬에 전을 옮겨 담아요) 이렇게 1분 정도만 더 익히면 아삭아삭한 식감이 참 맛있어요~  다 됐어요 제가 한 장 부쳐서 먹어보니 배가 부르더라구요^^ 식사 대용으로도 괜찮고, 출출할때 간식으로도 좋아요 양배추가 위에 좋다잖아요~ 건강한 음식 맛있게 해서 드시고 ! 시청해주셔서 . 건강하시고 다음에 또 만나요~^^""]",소금은 계란 3알에 ½작은술(tsp)을 넣어 잘 녹도록 풀어주는 과정에서 사용됩니다. 이렇게 해야 전을 할 때 간이 고루고루 배게 됩니다.
맛살을 요리하는 과정에서 어떤 단계가 필요합니까?,"['video_url: https://www.youtube.com/watch?v=yenbRpuztbE\ntitle: 요리못해도 괜찮아✔︎ 두부, 계란으로 쉽고 맛난요리! 가족들의 숟가락이 멈추질 않아요~\ncaption: 더운 여름에 불 쓰지 않고 두부하고 계란으로 맛있는 잼을 만들어 볼게요 두부 한번 300g입니다 키친타올로 돌돌 말아서 이렇게 놔두면 자연이 빠집니다 당근 양파 쪽파 각각 20g씩이에요 요거를 잘게 썰어주세요   쪽파가 없으면 집에 대파 파란 부분 좀 사용하셔도 돼요  집에 있는 맛살이라든가 햄이라든가 스팸을 기호에 따라 아무거나 넣으셔도 돼요 저는  집에 맛살이 있어서 맛살 이렇게 좀 넣어 볼게요  수분이 아주 잘 빠졌어요 요거를  칼등으로 으깨 줄 거예요  두부의 부드러운 식감을 위해서 우유 세 스푼 넣을게요 감칠맛 뒤에서  참새의  계란 두 개가 들어갈 텐데 두 개를  잘 섞어주세요 그래야 골고루 두부하고 잘 섞여요 제가 굳혀놔서 그냥 한꺼번에 넣어가고 조물딱 조물딱 했더니 잘 안 섞이더라고요  아까 저희가 썰은 야채를 반만 넣어주세요  전자레인지 사용 가능한 접시를 이렇게 위에다 놓고 이렇게 넣어 주시면 돼요 아까 나머지 야채 요렇게 잘 섞어서 살살 이렇게 뿌려주세요 그래야지 더 먹음직스럽고 또 이쁘죠 피자 토핑 같네요 내일 용기가 있으시면 그거 쓰시면 되는데 저는 뚜껑이나 내려놓기가 없어요 그래서 접시를 덮을게요 덮어갖고 전자레제 갈게요 전자레인지 당으로 놓으시고요 시간은 6분으로 하시면 됩니다  다 끝났어요 근데 이거 바로 꺼내지 시고 이게 계란두부 찜이잖아요 3분 정도 더 뜸을 드세요 그러면 훨씬 더 부드러워요 열어 볼까요   다 됐습니다 한번 뚜껑 열어볼까요 와 정말 간단하죠 누구나 쉽게 하신 음식이에요 두부하고 계란이 있어서 든든한 식사가 됩니다 시청해주셔서  건강하시고']","요리 과정에서 맛살은 집에 있는 재료로 기호에 따라 넣을 수 있습니다. 먼저, 두부를 300g 준비하고 키친타올로 말아 수분을 제거한 후, 맛살을 넣고 칼등으로 으깨줍니다. 이후 우유 세 스푼과 계란 두 개를 잘 섞어 두부와 함께 조물딱 조물딱 섞어줍니다."
맛술을 사용하여 계란장조림을 만드는 과정은 어떻게 되나요?,['video_url: https://www.youtube.com/watch?v=hKSA77llsVY\ntitle: 계란으로 무조건 만드세요! 순식간에 밥한공기 뚝딱합니다🥇 [계란장조림]\ncaption: 방학이라서 할머니도 그렇고 엄도 그렇고 반찬 걱정 많으시죠 제가 그래서 계란으로 간단하게 잔조림 만들어 볼게요 계란 다사를 반숙이 되도록 삶아 줄 거예요 냉장고에 바로 있는 걸 삶으면 터질 수가 있어요 그래서 이거 실온에 한 3시간 정도 뒀다가 삶으시면 안 터지고 좋아요 물에 꽃소금 반 스푼 넣으세요 그러면 뭐 간도간이지만 나중에 껍질이 잘 까져요 여기다가 계란을 넣을게요 불을  약간 중불로 줄여주세요 이러고 나서 8분만 삶아주세요  팔불이 지났어요 끄고 찬물에 얼른 가서 담글게요 계란이 이렇게 지금 만져보면 좀 익네요 차골 때까지 열을 빼 줘야지 껍데기가 잘 까져요 계란 껍데기 깔게요 물에 한번 담그셔야죠 깨끗하게 냄비 바로 계란을 넣을게요 여기다 바로 조리려고요 들어가는 거 정말 간단해요  진간장 양조간장 상관없이 3스푼 백설탕 한 스푼 맛술이에요 맛을 두 스푼입니다 일반 생수입니다 한 컵이에요 딴 건 안 넣으셔도 파는 넣으세요 파놓고 이렇게 졸이면 파에서 은은하게 나오면서 정말 국물에 맛있어요 파 한 대를 갖다 제가 이렇게 국물이 잘 나오더라고요 이렇게 갖고  조를게요 저는 오늘 어린이들 먹기 위해서 이렇게 매운 걸 안 넣었는데 어른들도 드시려면 여기다 꽈리고추 넣으셔도 되고 청양고추 넣으셔도 되고 일반 고추 넣으셔도 아주 매콤하고 맛있어요 중불로 해주세요 그래야지 계란에 간장 물이 잘 되거든요 그리고 파향에 빠져서 국물이 훨씬 맛있어요 알를 한 10알입니다 같이 넣을게요 거의 집에 냉장고를 계란은 있으시니까 꺼내서 간단하게 똑딱 해 드시면 너무 좋을 것 같아요 진짜 뭐 들어가는 것도 별로 없죠 국물이 생각보다 맛있어요 자 2 3분 졸이니까 파에서 팥물은 다 빠지고 파는  흐물흐물 됐어요 요거는  건져서 버릴 거예요 시는 물을 쭉 따르세요 이렇게 아깝죠 물엿 한 숟갈이에요 부터는  불을 세게 하신 다음에 아주 자작할 때까지 졸여주세요  방울이 그냥 버끔 볶음 하죠 거의 졸여진 것 같아요 끌게요 엄청 간단하죠 잘 졸여졌어요 그죠 찐득찐득 가게를 갖고 이렇게 닫아 드시면 얼나 맛있는지 몰라 이게 도시락 반찬으로도 너무 좋아요 이거 잘라서 제가 한번 소스 하나 껴 볼게요 맛있겠죠 어떻게 드시냐면요 소스 아까 조림장 있죠 노란조에 살짝살짝 뿌려주세요 그럼 간이 그 안에 그 촉촉하게 해서 얼나 맛있는지 몰라요 통계적으로 살짝 올려놔 주시고 왜 이렇게 시장 안가셔도 반찬 하나 뚝딱 됐어요 입맛 없다고 밥에다가 김치만 드시지 말고 이렇게 해서 계란하고 든든하게 드세요 시청해주셔서  건강하시고'],"계란장조림을 만들기 위해 먼저 계란을 반숙이 되도록 삶습니다. 계란을 삶기 전에 실온에 약 3시간 두어야 터지지 않습니다. 물에 꽃소금 반 스푼을 넣고, 중불로 줄인 후 8분간 삶습니다. 삶은 계란은 찬물에 담가 열을 빼고 껍데기를 깝니다. 조리 과정에서는 진간장 또는 양조간장 3스푼, 백설탕 1스푼, 맛술 2스푼, 일반 생수 1컵을 넣습니다. 파를 추가하여 중불로 조리하면 파향이 국물에 배어 맛이 좋아집니다. 2-3분 졸인 후 파는 건져내고, 물엿 1숟갈을 넣고 불을 세게 하여 자작할 때까지 졸입니다. 이렇게 하면 간단하게 맛있는 계란장조림이 완성됩니다."
이안의 요리 비디오에서 계란밥 만드는 과정은 어떻게 되나요?,"['video_url: https://www.youtube.com/watch?v=M5T6Tq7q0ik\ntitle: 이젠 계란밥에 간장말고, 토마토를 넣어보세요. 가족들이 식탁을 떠나지 않아요❤️ 토마토 계란밥 [주말간단요리👩\u200d🍳]\ncaption: 이안 st 주말 간단 요리 입니다 맛있어서 하루 세끼 더 먹을 수 있는  계란 밥을 해 볼게요 이렇게 계란 3개 에다가 소금 한꼬집 정도 되는 양입니다 계란도 좀 간이 쎄 맛있어요 잘 풀어주세요  식용유 2스푼 이에요 패널티 역학의 예열 해주세요 db 뜨거워 줬어요 계란을 개혁 노트 3 4 글이 많아요 10gbe 예를 좀 가만히 예쁘세요 잠시만 기다려 주세요 지키는게 조금 이것 줘 요 때 젓가락으로 휘저어 주세요 크림을 하는 거예요 그리고 변환이 뽀송뽀송 해줘야 되면  다 됐으면 접시에 다가 잠시만 옮겨 볼게요 펜의 올블 넣어주세요 2스푼 입니다 불은 중압 을 해주세요 이거 늘 3 톨 제가 편 서럽습니다 1 답은 1대 정도 세요 4 늘 기름 나도록 살펴 볶아주세요 아까 놀이 노드 되셨어요 강 폴라 진 다음에 도도 르 놓고도 기름에 살짝 볶아 졌으면 동화들을 큼직하게 써 주세요 그래야 게 음식을 다 했을 때도 형태가 있어서 조금 너 음식 들어 워요 그저 건너는 빠졌음 가운데 사이트 할게 피오 놓으시고 여기다가 증가량 안 제품 4 불소 상태에요 원더바 죽동 원단이 없으신분은 백설탕을 되셔야 된 에서 탑은 뚫고 만들어주시면 내 여러 가구 수술을 한번 이렇게 다르다 본점이 끓여주시면 되요 팔짜 꿀은 정말 안고 하셔야 되요 게다가 닭을 펼쳐요 때 같이 섞어 주제 돔 하더라 같이 음악 열을 졸인 라는 개념으로 샘 글이지만 이렇게 잘 섞어 주셔야 되요 맛있게 잘 전해졌지만 [박수] 그때 아까 저희가 해 먼저라는 한번  창업해 주시면 되요 굉장히 불을 꺼주세요 요건 제 키워 따라 요때 후 축하를 톡톡 한번 치시면 되요 어때요 정말 간단하죠 한번 해서 뒤지고 싶지 않으세요 넘어갔다 나니까 소 때문에 옴을 알씩 학교 자고 스타 kt 같기도 하고 해요 그래서 제가 한동안 해봤더니 손주가 너무 좋아하더라구요 식구들도 정말 맛있게 먹었어요 주말에 간단하게 의해서 시게 되세요 시청이 회사  건강하시고 다음 향상에 또 봤나요 5 route cooler 오오오 cool']","이안의 비디오에서는 계란 3개에 소금 한꼬집을 넣고 잘 풀어준 후, 식용유 2스푼을 예열된 팬에 넣습니다. 계란을 팬에 붓고 젓가락으로 휘저어가며 볶습니다. 계란이 뽀송뽀송해지면 접시에 옮깁니다. 그 후, 팬에 다시 식용유 2스푼을 넣고 중불로 가열한 후, 토마토를 큼직하게 썰어 넣고 볶습니다. 마지막으로 모든 재료를 잘 섞어주면 완성됩니다."
감자 계란국을 만들때 어떤 단계가 중요한가요? 그리고 계란을 넣는 비법은 뭐에요?,"['video_url: https://www.youtube.com/watch?v=uZtghE2zIsQ\ntitle: 감자 계란국은 이렇게 끓이셔야 제 맛이 납니다! 호로록 호로록 폭신폭신 계란식감은 뽀너쓰~~\ncaption: 계란을 넣는데도 비법이 있어요~ (계란이 활짝 피어나요)  을 위한 레시피입니다 감자는 포근포근~   계란은 폭신폭신한 감자계란국을 만들어볼게요 감자 300g 을 준비했습니다 껍질을 벗긴 감자를 나박 나박 썰어 주세요 감자가 생각보다 빨리 안익어요 그러니까 너무 두껍지 않게 썰어주세요 흰부분을 썰어주시고 밑국물 빨리 내도록 썰어주시는게 좋구요 (송송 썰어주세요) 맛있는 밑국물을 준비  할게요 아까 저희가 썰은 대파를 넣고  10분이 다 됐어요 국물이 맛있게 우러났어요. 참치액을 넣을건데, 없으면 국간장 넣으셔도 돼요 제가 참치액을 빨리 넣는 이유가  끓이면서 참치액 특유한 맛이 날라가요 그래서 제가 지금 넣고 끓이는 거예요 혹시 비린맛이 있을 수 있어서 맛술 1Tbsp () 맞어~ 계란접시 닦을때 비린내가 ;;;  불을 끄겠습니다 체로 건더기를 깔끔하게 건져내세요 감자를 밑국물에 넣고 푹 익도록 끓여주세요 익히다보면 거품이 뜰거예요 요거 한번만 싹 건져 주세요 멸치육수와 감자가 만나면 거품이 생기더라구요 요새나온 햇감자를 쓰면 빨리익어요  감자가 완전히 다 익었어요 여기에 계란을 넣을거예요 계란을 넣을때도 비법이 있어요 계란 1개를 잘 풀어놔주세요 달걀을 끓는 국물 위에 싸~악 뿌려주세요 국물이 뿌르르 끓어오르면 ! 여기서 막 휘저으면 안돼요 너무 끓으면 계란이 폭신폭신하지 않아요 파를 따~악 넣고, 불을 꺼주세요 그래야 계란식감이 딱딱하지 않아요 파를 초록 부분만 넣었죠 ? 흰파가 아니라서 여열에 다 익어요~  국은 천일염으로 간을 해야 더 구수하고 맛있는 것 같아요 소금은 기호에 따라 넣으세요 기호에 따라 청양고추, 후춧가루를 넣으면 맛있습니다 저는 어린이부터 남녀노소 안가리고 다 드실 수 있게 매운건 다 뺐어요 !! 감자계란국은 끓이기도 쉽고 속도 편해요 애나 어른 모두 좋아하는 국이예요 시청해주셔서  건강하시고 다음 영상에서 또 만나요']","감자 계란국을 만들 때는 감자를 나박 나박 썰고, 너무 두껍지 않게 썰어야 합니다. 감자가 빨리 익도록 흰 부분을 썰어주고, 대파를 넣어 맛있는 밑국물을 준비합니다. 국물이 맛있게 우러나면 참치액을 넣고 끓입니다. 계란을 넣을 때는 1개를 잘 풀어 끓는 국물 위에 싸~악 뿌려야 하며, 너무 끓으면 계란이 폭신폭신하지 않으니 주의해야 합니다. 마지막으로 파의 초록 부분만 넣고 불을 꺼야 계란식감이 딱딱하지 않게 됩니다."
베이컨을 넣은 계란 요리의 조리 과정은 어떻게 되나요?,"['video_url: https://www.youtube.com/watch?v=A5C1CK1jdpE\ntitle: 🥇이렇게 간단하고 쉬운줄 알았다면, 매일 해먹을걸!! 계란요리의 초간단레시피. 계란전\ncaption: 이게 쉬운데 맛있어요~ 제가 편해서 자주 해 먹는 음식이에요 나는 이게 계란말이보다 더 편하더라구 ^^  을 위한  정말 간단하게 계란으로 전을 만들어 볼게요 계란말이보다 만들기 쉬운데 맛있어요 송송 썰어주세요 부추가 없으면 쪽파써도 괜찮아요 집에 햄이 있어서 좀 넣을거예요 맛살이나 베이컨 넣어도 괜찮아요 살짝 매콤하면 더 맛있으니까~ 기호에 따라 넣으세요 계란에 간을 할게요 요새 소금이 워낙 다양해서 염도가 제각각이니 입맛에 맞춰 조절하세요 계란의 비린맛을 잡아주죠~ 우유 넣으면 계란 식감이 부드러워져요 잘 저어주세요~ 계란물이 곱게 풀어지면 부침가루 자체에 간이 있어서 맛있잖아요? 다른 것보다 훨씬 더 맛있어요 이렇게 가루가 잘 풀어졌으면 아까 준비한 야채! 부추도 넣고~ 어이구.. 하나가 안 썰렸네요 햄도 넣고~ 당근도 넣고~ 청양고추도 넣고 제가 양파를 한번 넣어봤었어요 부쳐서 바로는 괜찮은데\n양파에서 물이 생겨서 안 맛있더라구요 좀 질퍽해져요 그래서 양파는 되도록 안 넣는게 좋아요 부치기만 하면 끝이예요! 너무 간단하죠~ 편하게 숟가락으로 뚝뚝 떠서 넣으시면 돼요 한 국자씩~ 한 숟갈이다! 한 국자가 아니라 ㅋㅋ 이게 쉬운데 맛있어요 제가 편해서 자주 해먹는 음식이예요 나는 이게 계란말이보다 더 편하더라구..❤️  얄판하게 부쳐져서 먹기도 편해요 얇아서 맛도 있어요 빠삭하게 구워졌어요~ 반죽이 요런 크기로 18장 정도 나오는 양이에요 전이 쉽게 뚝딱! 한 접시가 완성이 되었어요 너무 간단하고 맛있습니다 제가 편해서 자주 해먹는 음식이예요 시청해주셔서  건강하시고 다음 영상에서 또 만나요~']","계란을 준비하고, 베이컨을 포함한 야채를 썰어 넣습니다. 계란에 간을 하고, 우유를 넣어 부드럽게 저어줍니다. 그런 다음, 잘 풀어진 계란물에 준비한 야채와 베이컨을 넣고, 한 국자씩 팬에 부쳐서 마무리합니다. 이렇게 간단하게 부치면 맛있는 계란 요리가 완성됩니다."
식탁에 묵은지 계란말이를 올리기 위해서는 어떤 조리 과정을 따라야 합니까?,"[""video_url: https://www.youtube.com/watch?v=jm5X4HOwcrY\ntitle: 식탁 위에 올려놓는 순간 존경의 눈빛을 받게됩니다.  '요고'하나 넣었을뿐인데 먹어보면 반하는 ❤️묵은지 계란말이❤️\ncaption: 김장철이라 김치를 새로하실텐데 \n집에 김치 조금 다들 남아있죠~ 집에 있는 신김치나 묵은지를 이용해서 \n개운하게 묵은지 계란말이를 한번 만들어 볼게요 저는  김치를 이렇게 소를 \n다 털어내고 깨끗이 씻었어요 김치 대가리 부분을 이렇게 잘라 주시고요 배춧잎의 물기를 꼭 짜주세요 그러니 상태로 넣으셔도 되지만 드시기 좋게\n김치를 길게 썰어주세요 계란 8알을 이용해서 계란말이를 도톰하게 부칠텐데 김치가 이파리 4장 정도 들어가요 아무래도 묵은지가 신맛도 있고 군내도 있어요 그래서 그걸 잡을겸 들기름 1Tbsp을 넣을게요 설탕도 ½tsp 넣어 조물조물 무쳐주세요  야채를 썰어 볼게요 저는  부추하고 홍당무를 넣을건데 요새 부추보다 쪽파가 더 흔하니까\n쪽파 넣으셔도 되구요 그 다음에 아이들 먹을 것 같으면 \n햄같은거 조금 넣어도 아주 맛있어요 야채는 송송 썰어주세요 달걀  8개를 깨놨어요 그냥 다 섞어서 하셔도 되지만 노른자와 흰자를 분리해서 만들면 \n정성도 많이 들어가 보이고 음식이 아주 얌전해 보여요  그런데 생각보다 그렇게 어렵지 않거든요 \n그래서 이렇게 한번 만들어볼게요 노른자와 흰자를 분리할때는\n요런 쇠숟가락을 이용하시면 좋아요 요렇게해서 달걀 노른자를 뜨시면 돼요 나무 숟가락은 잘 안되구요\n쇠숟가락이 잘 돼요 달걀말이 속에 묵은지가 들어가잖아요 묵은지에 간이 있어서 \n달걀에는 그렇게 간을 많이 안하셔도 돼요 맛소금 ⅓tsp 흰자에 야채를 넣을게요 야채를 또 너무 과하게 넣으면 말기가 힘들어요  계란을 예쁘게 부쳐볼게요 불 세기는 아~주 약하게 하셔야 하구요 \n식용유를 조금 넣고 붓솔로 후라이팬 전체를 기름으로 코팅해주세요 만약에 붓솔이 없으면 페이퍼타올로 하시면 되요 요때 후라이팬을 왔다갔다 하면서\n계란을 이렇게 익혀주세요 요 위에 흰자가 거의 다 익었죠\n여기다가 묵은지를 넣을거예요 김밥 는 것처럼 말아야 하기 때문에\n너무 끝에 놓지말고  한 5cm정도 띄어서 놓으면 돼요 그리고 이파리 부분이 끝에 있으면 \n또 이렇게 머리 부분이 이쪽으로 하고 지그재그로 놔주세요 쉽게 안떨어지면 기름을 좀 더 넣어주세요 기름을 많이 안발랐더니 잘 안떨어지네요 ^_^;; 요건 속에 들어갈 거라서\n하다가 찢어져도 상관없습니다 계란말이가 다 되었는데 맨 지막엔\n후라이팬 끝에다가 놓고 요렇게~ 요렇게 각을 잡으면서 한참~ 익혀주면 \n속까지 아주 은근하게 잘 익어요 어떻게 저렇게 장갑 하나끼고\n뜨거운데 저걸 만질까 궁금하시죠 ? 요 안에 목장갑 하나 끼고 하면 \n전혀 안 뜨거워요 그리고 전 뒤집게보다 이게 더 하기가 편한 것 같더라구요 한번 그렇게 해보세요  썰어 볼게요 좀 신경 쓴 계란말이 같지 않나요 ^^? 드시는 분도 처음에는 신기해하고 맛보면 더 좋아해요 요건 케첩을 찍어 드시면 더 맛있어요 시청해주셔서  \n건강하시고 다음 영상에서 또 만나요""]","묵은지 계란말이를 만들기 위해서는 먼저 김치를 깨끗이 씻고 대가리 부분을 잘라낸 후, 배춧잎의 물기를 꼭 짜야 합니다. 그런 다음 김치를 길게 썰고, 계란 8알을 준비하여 노른자와 흰자를 분리합니다. 흰자에 맛소금 ⅓tsp와 야채를 넣고, 불 세기를 아주 약하게 하여 후라이팬에 식용유를 코팅한 후 계란을 붓습니다. 묵은지를 넣고 김밥처럼 말아주며, 마지막에 후라이팬 끝에 놓고 각을 잡아가며 익히면 됩니다. 이렇게 조리한 계란말이는 식탁에 올리면 존경의 눈빛을 받을 수 있습니다."
반찬가게에서 제공하는 밑반찬을 집에서 만들기 위한 단계별 조리 과정은 어떻게 됩니까?,['video_url: https://www.youtube.com/watch?v=dMw3IfC8mXk\ntitle: 반찬가게 부럽지않은 우리집 최고 밑반찬 - 감칠맛나는 메추리알 장조림의 비법공개❤️(feat.곤약)\ncaption: 오늘 장주 됨 준비했습니다 장 겸 할 때 간장이 아고물 하고 같이 배우리 들어가는데 물을 그냥 물로 쓰면 꼭 맛이 덜한 것 같아서 저는 육수를 써서 할 겁니다 물은 생소한 700 미리 정도 된 양 이구요 치주 제가 파는 다시 팩을 한 안될겁니다 그리고 여기 좀 맛을 더 내기 위해서 대파 1대를 텐데 아 10분 정도만 오즐 거니까 이거를  톰 노는 것보다 대파를 잘라서 넣으면 대파가 재빨리 오라 합니다 탱 강도 이렇게 알겠더라 가고 한 서너 편 5 될 때 넣어주시면 은 매출액을 결 아니기 때문에 생강에 들어가면 아주 좀 비듬 더 잡아주고 맛있습니다 10분정도 올리겠습니다 매출이나 300g 이구요 저는 매출이 하고 벗어 타고 보통을 많이 줘 이 시는 특식 하셔도 좋지만 이거는 곤약 이라고 하는 건데요 거랑 주려면 하죠 쫀득하니 맛있습니다 이건 아니지요 어디서 파냐 면은 나태 가면 어부 파놓고 너 옆에 감이 있습니다 이것도 매출을 같은 크기로 썰어 주시면 좋을 것 같아요 그 을이 들어갈텐데 늘 통한 으로 전화 끝 안되겠습니다 까 들꽃으로 는데 까리 꽃으로  자르시면 좀 지저분 하기도 하고 좀 짤 수도 있고 하니까 그냥 통채로 사용하시는데 그냥 통 오르며 는 향도 들어 올라오고 그러니까 이런 2 수지의 도 괜찮고요 럼 오크로 1번 2번 얻어 이렇게 누려 주시면 요 안으로 가능 쏙 빼서 맛있습니다 햄도 잘나오고 요코 취향이 어 빅 곡물을 동아시아 정말 맛이 덜해요 아 하는걸까 요소가 맛있게 올려져서 채가 바치겠습니다 증 하자 받았을 뿐입니다 그리고 설탕을 더 나은 황설탕을 선택했습니다 104 타고 쪼금 담 맞이 좋은 할 것 같자 가서 조림 이래서 한글 다운 선택했구요 요거는 무료 십니다 물 2스푼 제일 먼저 이 고약하고 내 추장 로서 좀 줄여주세요 그루브 괜히 색깔이 어느 정도 되고 그래 말 나머지 음 드라코 아래 고추를 봅니다 가나 모드의 아주 11 잘 입혀져 씁니다 지금 욥의 말을 보시고 조금 말을 줄줄 하셔도 되는데 어둠 여는 지금보다 조금더 짱 기가 있습니다 그리고 이 정도의 통늘을 넣으시면 되요 그리고 조금 더 끓여 주다가 리코 추를 나중에 되겠습니다 많은 어느정도 익었을때 빠르 코치를 국물도 좀 자캐 졌죠 아르코 줄어들게 씁니다 1 꼬다리 남도 떨어졌네요 까르 택시 할 이남에서 아주 부모의 말 쳐집니다 그럼 참고로 조금 더 매콤하게 되실 분들 있으시죠 그러면 청녀 꼬추를 더 첨가 하셔도 됩니다 여름에 또 이렇게 2만원 반전 없는 것 같더라구요 라토 깔끔하면서 약간 탯줄 하고 달콤해서 그런지 아주 밑반찬 훌륭한 것 같아요 시초 제가 감사합니당'],"반찬가게에서 제공하는 밑반찬을 집에서 만들기 위해서는 먼저 간장을 사용하여 육수를 준비합니다. 물은 약 700ml 정도 사용하고, 대파 1대를 잘라서 넣습니다. 대파는 10분 정도 끓여서 맛을 내고, 생강을 추가하여 비린내를 잡습니다. 그 후, 매출액 300g을 준비하고, 곤약을 같은 크기로 썰어 넣습니다. 통째로 사용하면 향이 더 잘 우러나오고, 햄도 잘 나옵니다. 설탕은 황설탕을 선택하여 2스푼 넣고, 고추를 추가하여 매콤함을 조절합니다. 마지막으로 국물이 줄어들 때까지 끓여서 완성합니다."
계란찜을 만들 때 소금의 적절한 사용법은 무엇인가요?,['video_url: https://www.youtube.com/watch?v=rAmvchODeTM\ntitle: 5분컷! 알아두면 두고두고 요긴하게 쓸 [계란찜] 레시피🌟 계란:물의 황금비율 공개! 랩 쓰지않고 만들어요.\ncaption: 5   오늘 전자렌지로 이용해서 간단하게 해 드실 수 있는 결한 찜 5 준비했습니다 제가 결혼을 4개를 예 포레 깨게 씁니다 여기로 노란 자 옆에 일어날 금 들이 있어요 이런걸로 이렇게 적하 력이 빼주시면 되요 이렇게 보시면 이렇게 약간 을 답게 빼주시면 되요 누구요 참기름을 살짝 넣어 주세요 봇 작은 스푼 반스푼 정도를 많아져 갖고 이 노란 자하고 같이 이렇게 잘 혼합해서 이렇게 풀어주시면 결혼도 고사 그다지 많아 중에 찜 했을 때의 그 용기 안 달라붙어 좋아요 이렇게 잘 펴주세요 이렇게만 풀어져 김에 고소한 냄새가 나요 전우 를 세우 주었을 이용해 살껀데 채워주지 간이 좀 다 달라서 변화가 좀 있게 하시는 될것 같아요 저희 것 엿짜 드라 그래서요 저희는 한스푼 다 안되겠습니다 3분 2스푼 정도 만일 거구요 채우지 시 록 좀 싱겁다 시는 부분 조금 소금 더 추가 하셔도 될것 같아서 또 잘 섞어주시면 들어가면 결함이 잘 풀어져 요 찾기 때문에 잘 되게 풀어 주시구요 절 이 심 보면 4 사용 자서전 우지 소금의 더 넓게 지금 물어보셨는데요 세우려는 한스푼 이상 늦은 세요 쉣 냄새도 강한 맛이 나기 때문에 조금 들어 오는것 같더라구요 대 신고 음 세우자 한스푼 정도 드시고 나머지는 손과 약가 추가 하시면 될 것 같아요 그 고결한 에 그런데 아깐 지 비린 맛이 좀 있잖아요 그래서 청주 있으며 청견 오시면 가장 좋은데 청주 없으신 분들이 많이 많아요 남은거 지혜는 소주 이런거 한스푼 요다 넣어 주시면 아주 또 빚은 맛도 잡아주고 좋습니다 저랑 1개의 몰고 신부 터와 맞는 비율인 데 저희는 지금 4개를 없었기 때문에 200 미리 1컵 누구 같이 잘 저어 주시면 됩니다 그러면  다 된거예요 내가 9 전자는 g 돌리시고 나오네요 아무래도 그냥 바쁘시면 이렇게 하셔도 되는데 좀 시간적인 여유가 있다 그러시면 은 최 반한 법문 이렇게 내리면 은 결혼 쯤에 훨씬 더 없게 되요 한번 채반을 내려오게 씁니다 뭐 사 가지구 저주도 아 이렇게 찜 할 그해 바로 이렇게 하셔도 되요 체반에 이렇게 내리면 고운 결함 우리에게 떨어지죠 그러면 주걱 같은 그룹의 한번 이렇게 밀어주시면 결한 끈 여기에 남고 나머지 나 다르게 잘 대답합니다 앞 10 의 가장이 좀 경고 수로 오실 수 있을까요 이 과정은 떼 식 하셔도 되요 * 험하지만 조금 이미 타니까 쪽파 같은거나 개발되면 약이 채썰어서 조금 위에 올려 주시면 맛도 맛이지만 아주 눈으로도 뭐 거니까 보기가 시 기쁩니다 아 아 써 아 또 당분을 곧게 이렇게 자주 쉽게 써주시면 될것 같아요 뭐 아 아 아 저희는 썰어둔 야채를 요구하지 이렇게 넣겠습니다  집집다 전자는  성능이 좀 다른 실 텐데 전 어렌지 강물에서 처음에 뭐 삽을 5월 했다고 해서 밑에까지 다 안 있더라구요 11 위가 좀 딱딱해 지는 느낌이죠 받았거든 어서요 처음에 2분정도 하신다음에 5 담에 한번 휘 저어서 또 2분정도 하시는게 결혼의 훨씬 더 이렇게 찜이 부드럽게 되더라고요 이것만 한번 등록 하겠습니다 보시는 가운데 좀 들이 그렇죠 이렇게 보지만 에는 아니었을 거에요 겉에만 한번 이렇게 휘저어 이렇게 저어 주세요 이렇게 이렇게 오코 1 또 3번 정도 익혀 주시면 되요 pg 어서 약간 위에 모양이 좀 흐트러져 짠 아세요 그때 조금만 더 추가하시면 데 이렇게 내일 간식으로도 좋아요 그래서 3분 정도 더 돌리겠습니다 다 됐고 예 끝나고 겠습니다 너무 맛있게 간편하게 된 것 같아요 아침에 간단 할 때 이렇게 드시면 너무 좋을 것 같구요 혹시 이 아침에 이 것조차도 좀 힘 시장은 전에 겜 일으켜 란 뭐 이렇게 해 놓으세요 아침 퍼가고 내게 전에 제도를 2시면 아주 편하고 좋을 것 같습니다 맛있게 되세요  5'],"계란찜을 만들 때 소금은 간을 맞추기 위해 사용됩니다. 일반적으로 한 스푼 정도의 소금을 넣고, 만약 간이 싱겁다면 추가로 소금을 더 넣어 잘 섞어줍니다. 소금의 양은 개인의 취향에 따라 조절할 수 있으며, 비린 맛을 잡기 위해 청주나 소주를 한 스푼 넣는 것도 좋은 방법입니다."
뚜껑을 언제 열어야 하나요?,['video_url: https://www.youtube.com/watch?v=lnHI3mPisY0\ntitle: 계란이랑 치즈 있으면 무조건 해야죠! 맛있는데 왜 안해요~  [치즈계란찜]\ncaption: 나무 친한 게 왜 자살 잔을 들어 있네요 으  달간 sp 메달 오늘 제가 소개시켜드릴 거는 달걀 짐 & 그 위에다 치즈를 얹어서 아주 또 맛을 풍부하게 해 지실 수 있는 걸 소개시켜 드릴 텐데요 먼저 달걀 여사를 준비했습니다 5 자가 여사의 래 제가 생각하는 맞써 보입니다 스푼으로 1 저도 이렇게 드시면 다님 아 저요 소금 많이 들어가면 결함이 빨리 잡기 때문에 소금을 먼저 넣습니다 익혀라 잘 저어주세요 저는  이렇게 편안하게 해서 맞서고 사용 했어요 근데 맞서고 싫으신 분들은 소금을 내쉬고 라이 맹물 대신 다시 무를 우려서 사용하시면 맛있을 것 같아요 라 까요 게  총 불이 2컵에 들어가요 근데 여기 한 컵을 되겠습니다 온 우주는 게 제가 양파 하고 담당 좀 줄 거야 되면 맛도 풍부해 지지 많고 야채에서 물이 나왔고 굉장히 더 보더 버리는 것 같아요 양하 다르크 락 매서 500g 정도 사용하시면 되구요 성성 썰어 주시면 될 것 같아요 아 아 아 아 아 단군 들어갈 테니 양파 버전은 조금 적은 양을 드시면 될 거 같아요 300 감정도 생각했습니다 저는 쪽 한 쪽 모르겠어요 왜요 나중에 송을 흐를 거예요 왜 뚝배기에 도 생각났고 2톤 앰빗 한건 없는데 tv 되면 여 참기름을 먼저 한번 발라 주시면 11 침이 잘 안 달라붙어요 그래서 소장의 차 기름을 쭉 뇌신 다음에 그런걸로 살살 이렇게 용계 달이 돼 조금 발라 넣으세요 오늘 자란 쯤에 물이 총 1 2컵 이정도 들어가요 그래서 앞에 한 컵 온 경향을 같이 섞어 찐 한 컵을 요 뚝 때 게다가 루시 보위부 를 되어 주세요 그리고 또 볼 때 결 앉지 못하면 하기가 굉장히 편한 것 같아요 물이 이렇게  888 풀어 오르고 있어요 그러면 여기에다 가지 결과가 이렇게 살 넣으세요 부분 줄이지 세요 샘 불에 이렇게 한번 이렇게 좀 뜨거우니까 자료 긴걸 행각으로 히어 주의 저어 주시면 되요 요렇게 보시면 이 몇 면부터 결함이 있기 시작해 알아서 이 주걱으로 이렇게 그릇 겉을 이렇게 흘 뜻이 이런식으로 이렇게 해주시면 되요 이렇게 보시면 아내가 몸을 먼곳 했죠 요 러쉬 이렇게 해서 저어주세요 요렇게 보시면 결의안이 많이  순두부 처럼 몸을 원걸 해졌어요 요 상태 불을 1 중불로 줄여주세요 그것이 곡의 소득의 저어주세요 요렇게 보시면 굉장히  많이 뭉글뭉글 해줬어요 요거를 불을 재단으로 약하게 넣으시고 후 껑 이 이렇게 조금요 상태보다 조금 올라온걸 하시면 되요 e 금연석 11 2위로 올라 오거든요 저는 투팩 에 똑같은 거르게 더 깼어요 불어 최단 으로 약하게 헤어지고 그 기다려 보세요 제가 뚜껑을 열어 뜻 이렇게 모금 목을 정말 맛있게 올라왔어요 그 위에다가 집에 있는 치즈 암호 안에 이용하셔도 되요 저는 집에  모짜렐라 치즈가 좀 있어서 좀 사용 할 건데 아무 치즈나 이렇게 5 게다가 살살 뿌려주세요 뿌려준 카라 제가 쪽파 주면 겠어요 거 롤 도살 뿌리시고 다시 뚜껑을 덮어서 살짝 음 한 1분 용어만 춰 주신 다음에 불을 끌 거예요 이불을 지나서 집 불을 꺼 써요 그래도 끄면 어투 - 난 에미가 뜨거워서 그 열도 잘 익어요  한번 뚜껑 열어 보겠습니다 요렇게 보시면 정말 먼저 스토케 아 치즈도 잘 높고 여러가지로 이렇게 맛있게 잘 된것 같아요 제가 이거 연습하면서 한번 미리 먹어봤는데 맛이 정말 보 돌보다 라는게 술술 넘어가더라구요 답 반찬으로도 좋고 그냥 맨 입에 드셔도 너무 맛있어요 그래서 식구들이 집에 많이 계신데 이거 간단한 재료로 이렇게 꼭 한번 아시게 드셨나요 시장에서   222 으'],"뚜껑은 요리가 거의 끝나고 치즈를 뿌린 후, 다시 덮어서 약 1분 정도 더 익힌 다음에 열어야 합니다. 이렇게 하면 치즈가 잘 녹고 요리가 맛있게 완성됩니다."
